filename,path,word
YARN - Fuck - Payback - Video clips by quotes - c9a5d45f - 紗,Dataset\mono_audio\Fuck\YARN - Fuck - Payback - Video clips by quotes - c9a5d45f - 紗.wav,Fuck
2a0b413e_nohash_0,Dataset\mono_audio\Other\2a0b413e_nohash_0.wav,Other
YARN - Shit - Runaways (2017) - S01E03 Destiny - Video clips by quotes - 884b8cc9 - 紗,Dataset\mono_audio\Shit\YARN - Shit - Runaways (2017) - S01E03 Destiny - Video clips by quotes - 884b8cc9 - 紗.wav,Shit
3c257192_nohash_0,Dataset\mono_audio\Other\3c257192_nohash_0.wav,Other
5e3dde6b_nohash_0,Dataset\mono_audio\Other\5e3dde6b_nohash_0.wav,Other
YARN - Shit - Warrior Nun (2020) - S01E07 Ephesians 4-22-24 - Video clips by quotes - 74111dbf - 紗,Dataset\mono_audio\Shit\YARN - Shit - Warrior Nun (2020) - S01E07 Ephesians 4-22-24 - Video clips by quotes - 74111dbf - 紗.wav,Shit
YARN - Fuck - The Offer (2022) - S01E06 A Stand Up Guy - Video clips by quotes - 433c742d - 紗,Dataset\mono_audio\Fuck\YARN - Fuck - The Offer (2022) - S01E06 A Stand Up Guy - Video clips by quotes - 433c742d - 紗.wav,Fuck
YARN - Shit! - Squid Game (2021) - S01E05 A Fair World - Video clips by quotes - b09a0d42 - 紗,Dataset\mono_audio\Shit\YARN - Shit! - Squid Game (2021) - S01E05 A Fair World - Video clips by quotes - b09a0d42 - 紗.wav,Shit
1cb788bc_nohash_0,Dataset\mono_audio\Other\1cb788bc_nohash_0.wav,Other
YARN - Shit - Dune (2021) - Video clips by quotes - 8072aa52 - 紗,Dataset\mono_audio\Shit\YARN - Shit - Dune (2021) - Video clips by quotes - 8072aa52 - 紗.wav,Shit
YARN - Shit! - Payback - Video clips by quotes - 045b4d3b - 紗,Dataset\mono_audio\Shit\YARN - Shit! - Payback - Video clips by quotes - 045b4d3b - 紗.wav,Shit
YARN - Fuck - Jack Ryan (2017) - S02E06 Persona Non Grata - Video clips by quotes - 0c9be7f6 - 紗,Dataset\mono_audio\Fuck\YARN - Fuck - Jack Ryan (2017) - S02E06 Persona Non Grata - Video clips by quotes - 0c9be7f6 - 紗.wav,Fuck
0ab3b47d_nohash_1,Dataset\mono_audio\Other\0ab3b47d_nohash_1.wav,Other
YARN - Shit - Ozark (2017) - S03E04 Boss Fight - Video clips by quotes - 73445e8a - 紗,Dataset\mono_audio\Shit\YARN - Shit - Ozark (2017) - S03E04 Boss Fight - Video clips by quotes - 73445e8a - 紗.wav,Shit
YARN - Fuck! - Warrior Nun (2020) - S02E04 Corinthians 10-20-21 - Video clips by quotes - 6b418865 - 紗,Dataset\mono_audio\Fuck\YARN - Fuck! - Warrior Nun (2020) - S02E04 Corinthians 10-20-21 - Video clips by quotes - 6b418865 - 紗.wav,Fuck
0d2bcf9d_nohash_0,Dataset\mono_audio\Other\0d2bcf9d_nohash_0.wav,Other
YARN - Fuck - Ozark (2017) - S04E12 Trouble the Water - Video clips by quotes - a81a55d0 - 紗,Dataset\mono_audio\Fuck\YARN - Fuck - Ozark (2017) - S04E12 Trouble the Water - Video clips by quotes - a81a55d0 - 紗.wav,Fuck
YARN - Fuck - Ozark (2017) - S03E02 Civil Union - Video clips by quotes - fb30fbb3 - 紗,Dataset\mono_audio\Fuck\YARN - Fuck - Ozark (2017) - S03E02 Civil Union - Video clips by quotes - fb30fbb3 - 紗.wav,Fuck
1aeef15e_nohash_0,Dataset\mono_audio\Other\1aeef15e_nohash_0.wav,Other
YARN - Shit - Firefly Lane (2021) - S02E01 Wish You Were Here - Video clips by quotes - 2b4de906 - 紗,Dataset\mono_audio\Shit\YARN - Shit - Firefly Lane (2021) - S02E01 Wish You Were Here - Video clips by quotes - 2b4de906 - 紗.wav,Shit
1a892463_nohash_1,Dataset\mono_audio\Other\1a892463_nohash_1.wav,Other
YARN - Shit - Crackerjack - Video clips by quotes - d3b4c8b0 - 紗,Dataset\mono_audio\Shit\YARN - Shit - Crackerjack - Video clips by quotes - d3b4c8b0 - 紗.wav,Shit
0b77ee66_nohash_2,Dataset\mono_audio\Other\0b77ee66_nohash_2.wav,Other
YARN - Shit - The Recruit (2022) - S01E04 IYDIAAC - Video clips by quotes - 3e14117a - 紗,Dataset\mono_audio\Shit\YARN - Shit - The Recruit (2022) - S01E04 IYDIAAC - Video clips by quotes - 3e14117a - 紗.wav,Shit
YARN - Fuck - The Happytime Murders - Video clips by quotes - 4cc91a9b - 紗,Dataset\mono_audio\Fuck\YARN - Fuck - The Happytime Murders - Video clips by quotes - 4cc91a9b - 紗.wav,Fuck
YARN - Fuck! - Pam & Tommy (2022) - S01E08 Seattle - Video clips by quotes - ad797fe6 - 紗,Dataset\mono_audio\Fuck\YARN - Fuck! - Pam & Tommy (2022) - S01E08 Seattle - Video clips by quotes - ad797fe6 - 紗.wav,Fuck
YARN - Shit! - Metro - Video clips by quotes - fc1a82dc - 紗,Dataset\mono_audio\Shit\YARN - Shit! - Metro - Video clips by quotes - fc1a82dc - 紗.wav,Shit
0cd323ec_nohash_0,Dataset\mono_audio\Other\0cd323ec_nohash_0.wav,Other
YARN - Fuck! - The Recruit (2022) - S01E04 IYDIAAC - Video clips by quotes - 3c1127c5 - 紗,Dataset\mono_audio\Fuck\YARN - Fuck! - The Recruit (2022) - S01E04 IYDIAAC - Video clips by quotes - 3c1127c5 - 紗.wav,Fuck
1f653d27_nohash_2,Dataset\mono_audio\Other\1f653d27_nohash_2.wav,Other
YARN - Fuck - Ozark (2017) - S04E06 Sangre Sobre Todo - Video clips by quotes - f665d2ab - 紗,Dataset\mono_audio\Fuck\YARN - Fuck - Ozark (2017) - S04E06 Sangre Sobre Todo - Video clips by quotes - f665d2ab - 紗.wav,Fuck
YARN - Fuck - Euphoria (2019) - S01E01 Pilot - Video clips by quotes - c10c4d3a - 紗,Dataset\mono_audio\Fuck\YARN - Fuck - Euphoria (2019) - S01E01 Pilot - Video clips by quotes - c10c4d3a - 紗.wav,Fuck
YARN - Shit! - Flight - Video clips by quotes - 60533ade - 紗,Dataset\mono_audio\Shit\YARN - Shit! - Flight - Video clips by quotes - 60533ade - 紗.wav,Shit
YARN - Shit - Euphoria (2019) - S01E01 Pilot - Video clips by quotes - 14f6565d - 紗,Dataset\mono_audio\Shit\YARN - Shit - Euphoria (2019) - S01E01 Pilot - Video clips by quotes - 14f6565d - 紗.wav,Shit
YARN - Fuck! - The Recruit (2022) - S01E04 IYDIAAC - Video clips by quotes - 35cb1a08 - 紗,Dataset\mono_audio\Fuck\YARN - Fuck! - The Recruit (2022) - S01E04 IYDIAAC - Video clips by quotes - 35cb1a08 - 紗.wav,Fuck
00b01445_nohash_0,Dataset\mono_audio\Other\00b01445_nohash_0.wav,Other
YARN - Fuck - Ozark (2017) - S04E10 You're the Boss - Video clips by quotes - d329360d - 紗,Dataset\mono_audio\Fuck\YARN - Fuck - Ozark (2017) - S04E10 You're the Boss - Video clips by quotes - d329360d - 紗.wav,Fuck
00f0204f_nohash_0,Dataset\mono_audio\Other\00f0204f_nohash_0.wav,Other
YARN - Fuck! - Ozark (2017) - S02E01 Reparations - Video clips by quotes - a044c548 - 紗,Dataset\mono_audio\Fuck\YARN - Fuck! - Ozark (2017) - S02E01 Reparations - Video clips by quotes - a044c548 - 紗.wav,Fuck
YARN - Fuck! - Dead To Me (2019) - S03E07 Can We Be Honest - Video clips by quotes - 5a84e133 - 紗,Dataset\mono_audio\Fuck\YARN - Fuck! - Dead To Me (2019) - S03E07 Can We Be Honest - Video clips by quotes - 5a84e133 - 紗.wav,Fuck
YARN - Shit - Black Adam - Video clips by quotes - 71676e8d - 紗,Dataset\mono_audio\Shit\YARN - Shit - Black Adam - Video clips by quotes - 71676e8d - 紗.wav,Shit
YARN - Shit - Warrior Nun (2020) - S01E07 Ephesians 4-22-24 - Video clips by quotes - 071131fe - 紗,Dataset\mono_audio\Shit\YARN - Shit - Warrior Nun (2020) - S01E07 Ephesians 4-22-24 - Video clips by quotes - 071131fe - 紗.wav,Shit
03cf93b1_nohash_0,Dataset\mono_audio\Other\03cf93b1_nohash_0.wav,Other
YARN - Shit - The 6th Day - Video clips by quotes - 810f98a1 - 紗,Dataset\mono_audio\Shit\YARN - Shit - The 6th Day - Video clips by quotes - 810f98a1 - 紗.wav,Shit
3ac2e76f_nohash_0,Dataset\mono_audio\Other\3ac2e76f_nohash_0.wav,Other
4fd4d073_nohash_1,Dataset\mono_audio\Other\4fd4d073_nohash_1.wav,Other
00f0204f_nohash_1,Dataset\mono_audio\Other\00f0204f_nohash_1.wav,Other
YARN - Shit - Manny & Lo - Video clips by quotes - d139ddd9 - 紗,Dataset\mono_audio\Shit\YARN - Shit - Manny & Lo - Video clips by quotes - d139ddd9 - 紗.wav,Shit
01bb6a2a_nohash_0,Dataset\mono_audio\Other\01bb6a2a_nohash_0.wav,Other
YARN - Shit - Foundation (2021) - S01E01 The Emperor's Peace - Video clips by quotes - 0a77d119 - 紗,Dataset\mono_audio\Shit\YARN - Shit - Foundation (2021) - S01E01 The Emperor's Peace - Video clips by quotes - 0a77d119 - 紗.wav,Shit
0e5193e6_nohash_0,Dataset\mono_audio\Other\0e5193e6_nohash_0.wav,Other
YARN - Fuck - Warrior Nun (2020) - S01E09 2 Corinthians 10-4 - Video clips by quotes - 41ac2a72 - 紗,Dataset\mono_audio\Fuck\YARN - Fuck - Warrior Nun (2020) - S01E09 2 Corinthians 10-4 - Video clips by quotes - 41ac2a72 - 紗.wav,Fuck
YARN - Shit! - Ozark (2017) - S02E04 Stag - Video clips by quotes - db45d1ec - 紗,Dataset\mono_audio\Shit\YARN - Shit! - Ozark (2017) - S02E04 Stag - Video clips by quotes - db45d1ec - 紗.wav,Shit
YARN - Shit - The Sopranos (1999) - S04E04 Drama - Video clips by quotes - 021fa552 - 紗,Dataset\mono_audio\Shit\YARN - Shit - The Sopranos (1999) - S04E04 Drama - Video clips by quotes - 021fa552 - 紗.wav,Shit
YARN - Fuck! - Big Mouth (2017) - S03E02 Girls Are Angry Too - Video clips by quotes - 1df7c05c - 紗,Dataset\mono_audio\Fuck\YARN - Fuck! - Big Mouth (2017) - S03E02 Girls Are Angry Too - Video clips by quotes - 1df7c05c - 紗.wav,Fuck
YARN - Shit - SpaceCamp - Video clips by quotes - 535eed02 - 紗,Dataset\mono_audio\Shit\YARN - Shit - SpaceCamp - Video clips by quotes - 535eed02 - 紗.wav,Shit
YARN - Fuck - Ozark (2017) - S03E08 BFF - Video clips by quotes - fc9386f8 - 紗,Dataset\mono_audio\Fuck\YARN - Fuck - Ozark (2017) - S03E08 BFF - Video clips by quotes - fc9386f8 - 紗.wav,Fuck
YARN - Shit - The Sopranos (1999) - S05E06 Drama - Video clips by quotes - 27eebc87 - 紗,Dataset\mono_audio\Shit\YARN - Shit - The Sopranos (1999) - S05E06 Drama - Video clips by quotes - 27eebc87 - 紗.wav,Shit
YARN - Fuck! - Pam & Tommy (2022) - S01E04 The Master Beta - Video clips by quotes - dc01857c - 紗,Dataset\mono_audio\Fuck\YARN - Fuck! - Pam & Tommy (2022) - S01E04 The Master Beta - Video clips by quotes - dc01857c - 紗.wav,Fuck
2bdbe5f7_nohash_2,Dataset\mono_audio\Other\2bdbe5f7_nohash_2.wav,Other
YARN - Shit - Jack Ryan (2017) - S02E02 Tertia Optio - Video clips by quotes - cc9848f5 - 紗,Dataset\mono_audio\Shit\YARN - Shit - Jack Ryan (2017) - S02E02 Tertia Optio - Video clips by quotes - cc9848f5 - 紗.wav,Shit
YARN - Shit! - Squid Game (2021) - S01E03 The Man with the Umbrella - Video clips by quotes - 8c611e22 - 紗,Dataset\mono_audio\Shit\YARN - Shit! - Squid Game (2021) - S01E03 The Man with the Umbrella - Video clips by quotes - 8c611e22 - 紗.wav,Shit
3c257192_nohash_2,Dataset\mono_audio\Other\3c257192_nohash_2.wav,Other
YARN - Shit - Ozark (2017) - S03E02 Civil Union - Video clips by quotes - 70313f4b - 紗,Dataset\mono_audio\Shit\YARN - Shit - Ozark (2017) - S03E02 Civil Union - Video clips by quotes - 70313f4b - 紗.wav,Shit
YARN - Shit! - All Quiet on the Western Front - Video clips by quotes - ea4d6828 - 紗,Dataset\mono_audio\Shit\YARN - Shit! - All Quiet on the Western Front - Video clips by quotes - ea4d6828 - 紗.wav,Shit
4d9e07cf_nohash_1,Dataset\mono_audio\Other\4d9e07cf_nohash_1.wav,Other
YARN - Shit! - Friday the 13th Part III - Video clips by quotes - fd475d88 - 紗,Dataset\mono_audio\Shit\YARN - Shit! - Friday the 13th Part III - Video clips by quotes - fd475d88 - 紗.wav,Shit
1 Born On The Fourth Of July,Dataset\mono_audio\Fuck\1 Born On The Fourth Of July.wav,Fuck
YARN - Shit - Morbius - Video clips by quotes - 1b7e372f - 紗,Dataset\mono_audio\Shit\YARN - Shit - Morbius - Video clips by quotes - 1b7e372f - 紗.wav,Shit
YARN - Fuck! - Prisoners - Video clips by quotes - c97b8131 - 紗,Dataset\mono_audio\Fuck\YARN - Fuck! - Prisoners - Video clips by quotes - c97b8131 - 紗.wav,Fuck
YARN - Shit - Inside Job (2021) - S02E01 How Reagan Got Her Grove Back - Video clips by quotes - 3316162b - 紗,Dataset\mono_audio\Shit\YARN - Shit - Inside Job (2021) - S02E01 How Reagan Got Her Grove Back - Video clips by quotes - 3316162b - 紗.wav,Shit
0d2bcf9d_nohash_1,Dataset\mono_audio\Other\0d2bcf9d_nohash_1.wav,Other
0f3f64d5_nohash_0,Dataset\mono_audio\Other\0f3f64d5_nohash_0.wav,Other
YARN - Fuck! - Ozark (2017) - S04E04 Ace Deuce - Video clips by quotes - d5f9df3b - 紗,Dataset\mono_audio\Fuck\YARN - Fuck! - Ozark (2017) - S04E04 Ace Deuce - Video clips by quotes - d5f9df3b - 紗.wav,Fuck
1c1060b1_nohash_2,Dataset\mono_audio\Other\1c1060b1_nohash_2.wav,Other
02e85b60_nohash_0,Dataset\mono_audio\Other\02e85b60_nohash_0.wav,Other
8dd788d8_nohash_1,Dataset\mono_audio\Other\8dd788d8_nohash_1.wav,Other
YARN - Fuck - Ozark (2017) - S04E06 Sangre Sobre Todo - Video clips by quotes - ba6bf866 - 紗,Dataset\mono_audio\Fuck\YARN - Fuck - Ozark (2017) - S04E06 Sangre Sobre Todo - Video clips by quotes - ba6bf866 - 紗.wav,Fuck
YARN - Fuck - Dude - Video clips by quotes - d6fb46ef - 紗,Dataset\mono_audio\Fuck\YARN - Fuck - Dude - Video clips by quotes - d6fb46ef - 紗.wav,Fuck
1a4259c3_nohash_1,Dataset\mono_audio\Other\1a4259c3_nohash_1.wav,Other
471a0925_nohash_1,Dataset\mono_audio\Other\471a0925_nohash_1.wav,Other
1dce06e8_nohash_1,Dataset\mono_audio\Other\1dce06e8_nohash_1.wav,Other
YARN - Shit - Pam & Tommy (2022) - S01E04 The Master Beta - Video clips by quotes - 6a2298a7 - 紗,Dataset\mono_audio\Shit\YARN - Shit - Pam & Tommy (2022) - S01E04 The Master Beta - Video clips by quotes - 6a2298a7 - 紗.wav,Shit
YARN - Fuck! - Apt Pupil - Video clips by quotes - dd765a48 - 紗,Dataset\mono_audio\Fuck\YARN - Fuck! - Apt Pupil - Video clips by quotes - dd765a48 - 紗.wav,Fuck
YARN - Shit - The 6th Day - Video clips by quotes - 67214ccb - 紗,Dataset\mono_audio\Shit\YARN - Shit - The 6th Day - Video clips by quotes - 67214ccb - 紗.wav,Shit
YARN - Shit - Big Mouth (2017) - S02E08 Dark Side of the Boob - Video clips by quotes - 6250942f - 紗,Dataset\mono_audio\Shit\YARN - Shit - Big Mouth (2017) - S02E08 Dark Side of the Boob - Video clips by quotes - 6250942f - 紗.wav,Shit
YARN - Fuck! - Domino - Video clips by quotes - 76e722ce - 紗,Dataset\mono_audio\Fuck\YARN - Fuck! - Domino - Video clips by quotes - 76e722ce - 紗.wav,Fuck
4f086393_nohash_1,Dataset\mono_audio\Other\4f086393_nohash_1.wav,Other
YARN - Fuck - Prisoners - Video clips by quotes - b6d061bd - 紗,Dataset\mono_audio\Fuck\YARN - Fuck - Prisoners - Video clips by quotes - b6d061bd - 紗.wav,Fuck
YARN - Shit - Jack Ryan (2017) - S02E07 Dios y Federación - Video clips by quotes - 3e451fca - 紗,Dataset\mono_audio\Shit\YARN - Shit - Jack Ryan (2017) - S02E07 Dios y Federación - Video clips by quotes - 3e451fca - 紗.wav,Shit
YARN - Shit - Jack Ryan (2017) - S02E03 Orinoco - Video clips by quotes - 3e1e7870 - 紗,Dataset\mono_audio\Shit\YARN - Shit - Jack Ryan (2017) - S02E03 Orinoco - Video clips by quotes - 3e1e7870 - 紗.wav,Shit
YARN - Shit - Prisoners - Video clips by quotes - 140b792c - 紗,Dataset\mono_audio\Shit\YARN - Shit - Prisoners - Video clips by quotes - 140b792c - 紗.wav,Shit
1d919a90_nohash_1,Dataset\mono_audio\Other\1d919a90_nohash_1.wav,Other
YARN - Shit - The 6th Day - Video clips by quotes - 611ad290 - 紗,Dataset\mono_audio\Shit\YARN - Shit - The 6th Day - Video clips by quotes - 611ad290 - 紗.wav,Shit
YARN - Fuck - Ozark (2017) - S03E10 All In - Video clips by quotes - e809f3d7 - 紗,Dataset\mono_audio\Fuck\YARN - Fuck - Ozark (2017) - S03E10 All In - Video clips by quotes - e809f3d7 - 紗.wav,Fuck
1b4c9b89_nohash_3,Dataset\mono_audio\Other\1b4c9b89_nohash_3.wav,Other
0b56bcfe_nohash_0,Dataset\mono_audio\Other\0b56bcfe_nohash_0.wav,Other
YARN - Fuck! - Poker Face - Video clips by quotes - a76a2935 - 紗,Dataset\mono_audio\Fuck\YARN - Fuck! - Poker Face - Video clips by quotes - a76a2935 - 紗.wav,Fuck
YARN - Fuck - Ozark (2017) - S04E01 The Beginning of the End - Video clips by quotes - 73c79c90 - 紗,Dataset\mono_audio\Fuck\YARN - Fuck - Ozark (2017) - S04E01 The Beginning of the End - Video clips by quotes - 73c79c90 - 紗.wav,Fuck
YARN - Fuck - Euphoria (2019) - S01E01 Pilot - Video clips by quotes - b1093e70 - 紗,Dataset\mono_audio\Fuck\YARN - Fuck - Euphoria (2019) - S01E01 Pilot - Video clips by quotes - b1093e70 - 紗.wav,Fuck
YARN - Fuck - Ozark (2017) - S03E07 In Case of Emergency - Video clips by quotes - 00a534f9 - 紗,Dataset\mono_audio\Fuck\YARN - Fuck - Ozark (2017) - S03E07 In Case of Emergency - Video clips by quotes - 00a534f9 - 紗.wav,Fuck
YARN - fuck… - Firefly Lane (2021) - S02E03 I'm Coming Out - Video clips by quotes - d8b2533b - 紗,Dataset\mono_audio\Fuck\YARN - fuck… - Firefly Lane (2021) - S02E03 I'm Coming Out - Video clips by quotes - d8b2533b - 紗.wav,Fuck
4def68db_nohash_0,Dataset\mono_audio\Other\4def68db_nohash_0.wav,Other
YARN - Shit - The Recruit (2022) - S01E04 IYDIAAC - Video clips by quotes - c401c82e - 紗,Dataset\mono_audio\Shit\YARN - Shit - The Recruit (2022) - S01E04 IYDIAAC - Video clips by quotes - c401c82e - 紗.wav,Shit
0ac15fe9_nohash_1,Dataset\mono_audio\Other\0ac15fe9_nohash_1.wav,Other
0c5027de_nohash_1,Dataset\mono_audio\Other\0c5027de_nohash_1.wav,Other
0ff728b5_nohash_2,Dataset\mono_audio\Other\0ff728b5_nohash_2.wav,Other
0ff728b5_nohash_1,Dataset\mono_audio\Other\0ff728b5_nohash_1.wav,Other
8dd788d8_nohash_0,Dataset\mono_audio\Other\8dd788d8_nohash_0.wav,Other
0a7c2a8d_nohash_0,Dataset\mono_audio\Other\0a7c2a8d_nohash_0.wav,Other
YARN - Shit - The Boys (2019) - S01E04 The Female of the Species - Video clips by quotes - e720d482 - 紗,Dataset\mono_audio\Shit\YARN - Shit - The Boys (2019) - S01E04 The Female of the Species - Video clips by quotes - e720d482 - 紗.wav,Shit
YARN - Fuck - Euphoria (2019) - S01E02 Stuntin' Like My Daddy - Video clips by quotes - 2f2c5eb7 - 紗,Dataset\mono_audio\Fuck\YARN - Fuck - Euphoria (2019) - S01E02 Stuntin' Like My Daddy - Video clips by quotes - 2f2c5eb7 - 紗.wav,Fuck
YARN - Shit - The Recruit (2022) - S01E02 NLTSYP - Video clips by quotes - 0cf12ea5 - 紗,Dataset\mono_audio\Shit\YARN - Shit - The Recruit (2022) - S01E02 NLTSYP - Video clips by quotes - 0cf12ea5 - 紗.wav,Shit
01d22d03_nohash_0,Dataset\mono_audio\Other\01d22d03_nohash_0.wav,Other
YARN - Shit! - Poker Face - Video clips by quotes - da317c7f - 紗,Dataset\mono_audio\Shit\YARN - Shit! - Poker Face - Video clips by quotes - da317c7f - 紗.wav,Shit
YARN - Shit - Jack Ryan (2017) - S02E07 Dios y Federación - Video clips by quotes - 8f694f35 - 紗,Dataset\mono_audio\Shit\YARN - Shit - Jack Ryan (2017) - S02E07 Dios y Federación - Video clips by quotes - 8f694f35 - 紗.wav,Shit
YARN - Fuck - 1899 (2022) - S01E08 The Key - Video clips by quotes - 91997a88 - 紗,Dataset\mono_audio\Fuck\YARN - Fuck - 1899 (2022) - S01E08 The Key - Video clips by quotes - 91997a88 - 紗.wav,Fuck
YARN - Fuck - 1899 (2022) - S01E05 The Calling - Video clips by quotes - 8f9eaaf1 - 紗,Dataset\mono_audio\Fuck\YARN - Fuck - 1899 (2022) - S01E05 The Calling - Video clips by quotes - 8f9eaaf1 - 紗.wav,Fuck
YARN - Fuck - I Care a Lot - Video clips by quotes - 8a61c825 - 紗,Dataset\mono_audio\Fuck\YARN - Fuck - I Care a Lot - Video clips by quotes - 8a61c825 - 紗.wav,Fuck
YARN - Fuck - Dude - Video clips by quotes - b89bf308 - 紗,Dataset\mono_audio\Fuck\YARN - Fuck - Dude - Video clips by quotes - b89bf308 - 紗.wav,Fuck
YARN - Shit - Emily the Criminal - Video clips by quotes - 538a57a8 - 紗,Dataset\mono_audio\Shit\YARN - Shit - Emily the Criminal - Video clips by quotes - 538a57a8 - 紗.wav,Shit
YARN - Fuck! - Poker Face - Video clips by quotes - 3cff7aed - 紗,Dataset\mono_audio\Fuck\YARN - Fuck! - Poker Face - Video clips by quotes - 3cff7aed - 紗.wav,Fuck
2aa787cf_nohash_0,Dataset\mono_audio\Other\2aa787cf_nohash_0.wav,Other
YARN - Shit! - Runaways (2017) - S01E09 Doomsday - Video clips by quotes - d8ee1d1d - 紗,Dataset\mono_audio\Shit\YARN - Shit! - Runaways (2017) - S01E09 Doomsday - Video clips by quotes - d8ee1d1d - 紗.wav,Shit
364f979f_nohash_1,Dataset\mono_audio\Other\364f979f_nohash_1.wav,Other
YARN - ‐ Shit - Runaways (2017) - S03E05 Enter the Dreamland - Video clips by quotes - 2f16fd28 - 紗,Dataset\mono_audio\Shit\YARN - ‐ Shit - Runaways (2017) - S03E05 Enter the Dreamland - Video clips by quotes - 2f16fd28 - 紗.wav,Shit
YARN - ‐ Shit - Runaways (2017) - S03E08 Devil's Torture Chamber - Video clips by quotes - b09df76d - 紗,Dataset\mono_audio\Shit\YARN - ‐ Shit - Runaways (2017) - S03E08 Devil's Torture Chamber - Video clips by quotes - b09df76d - 紗.wav,Shit
YARN - Fuck! - Ozark (2017) - S01E06 Book of Ruth - Video clips by quotes - bab5717d - 紗,Dataset\mono_audio\Fuck\YARN - Fuck! - Ozark (2017) - S01E06 Book of Ruth - Video clips by quotes - bab5717d - 紗.wav,Fuck
471a0925_nohash_0,Dataset\mono_audio\Other\471a0925_nohash_0.wav,Other
YARN - Fuck - Prisoners - Video clips by quotes - cfcddfb3 - 紗,Dataset\mono_audio\Fuck\YARN - Fuck - Prisoners - Video clips by quotes - cfcddfb3 - 紗.wav,Fuck
3d53244b_nohash_4,Dataset\mono_audio\Other\3d53244b_nohash_4.wav,Other
YARN - Shit - Payback - Video clips by quotes - b0288cc1 - 紗,Dataset\mono_audio\Shit\YARN - Shit - Payback - Video clips by quotes - b0288cc1 - 紗.wav,Shit
YARN - Fuck - Inside Job (2021) - S02E08 Appleton - Video clips by quotes - a841f890 - 紗,Dataset\mono_audio\Fuck\YARN - Fuck - Inside Job (2021) - S02E08 Appleton - Video clips by quotes - a841f890 - 紗.wav,Fuck
YARN - Shit - Firefly Lane (2021) - S01E03 Dancing Queens - Video clips by quotes - 0ac1988f - 紗,Dataset\mono_audio\Shit\YARN - Shit - Firefly Lane (2021) - S01E03 Dancing Queens - Video clips by quotes - 0ac1988f - 紗.wav,Shit
1f653d27_nohash_0,Dataset\mono_audio\Other\1f653d27_nohash_0.wav,Other
YARN - Shit - Firefly Lane (2021) - S02E06 Reborn on the Fourth of July - Video clips by quotes - 5da09c14 - 紗,Dataset\mono_audio\Shit\YARN - Shit - Firefly Lane (2021) - S02E06 Reborn on the Fourth of July - Video clips by quotes - 5da09c14 - 紗.wav,Shit
YARN - Fuck! - The Boys (2019) - S01E02 Cherry - Video clips by quotes - 44cb9ff7 - 紗,Dataset\mono_audio\Fuck\YARN - Fuck! - The Boys (2019) - S01E02 Cherry - Video clips by quotes - 44cb9ff7 - 紗.wav,Fuck
YARN - Fuck! - Warrior Nun (2020) - S01E01 Psalm 46-5 - Video clips by quotes - 50f7e5ae - 紗,Dataset\mono_audio\Fuck\YARN - Fuck! - Warrior Nun (2020) - S01E01 Psalm 46-5 - Video clips by quotes - 50f7e5ae - 紗.wav,Fuck
YARN - Shit - Like Father Like Son - Video clips by quotes - 50b9d4bb - 紗,Dataset\mono_audio\Shit\YARN - Shit - Like Father Like Son - Video clips by quotes - 50b9d4bb - 紗.wav,Shit
00f0204f_nohash_2,Dataset\mono_audio\Other\00f0204f_nohash_2.wav,Other
YARN - Shit! - Metro - Video clips by quotes - 424185a2 - 紗,Dataset\mono_audio\Shit\YARN - Shit! - Metro - Video clips by quotes - 424185a2 - 紗.wav,Shit
YARN - Shit - Bridget Jones's Baby - Video clips by quotes - 5aebe8e0 - 紗,Dataset\mono_audio\Shit\YARN - Shit - Bridget Jones's Baby - Video clips by quotes - 5aebe8e0 - 紗.wav,Shit
1a4259c3_nohash_0,Dataset\mono_audio\Other\1a4259c3_nohash_0.wav,Other
YARN - Fuck - Warrior Nun (2020) - S02E02 Colossians 3-9-10 - Video clips by quotes - ffa55715 - 紗,Dataset\mono_audio\Fuck\YARN - Fuck - Warrior Nun (2020) - S02E02 Colossians 3-9-10 - Video clips by quotes - ffa55715 - 紗.wav,Fuck
"YARN - Shit - Ozark (2017) - S01E09 Coffee, Black - Video clips by quotes - c5736717 - 紗","Dataset\mono_audio\Shit\YARN - Shit - Ozark (2017) - S01E09 Coffee, Black - Video clips by quotes - c5736717 - 紗.wav",Shit
YARN - Shit - Ozark (2017) - S03E07 In Case of Emergency - Video clips by quotes - 1f6d640c - 紗,Dataset\mono_audio\Shit\YARN - Shit - Ozark (2017) - S03E07 In Case of Emergency - Video clips by quotes - 1f6d640c - 紗.wav,Shit
YARN - Shit - The Happytime Murders - Video clips by quotes - 0d3e84e0 - 紗,Dataset\mono_audio\Shit\YARN - Shit - The Happytime Murders - Video clips by quotes - 0d3e84e0 - 紗.wav,Shit
YARN - Fuck! - Ozark (2017) - S01E03 My Dripping Sleep - Video clips by quotes - a7b2f512 - 紗,Dataset\mono_audio\Fuck\YARN - Fuck! - Ozark (2017) - S01E03 My Dripping Sleep - Video clips by quotes - a7b2f512 - 紗.wav,Fuck
0d393936_nohash_0,Dataset\mono_audio\Other\0d393936_nohash_0.wav,Other
7d86b703_nohash_1,Dataset\mono_audio\Other\7d86b703_nohash_1.wav,Other
0ff728b5_nohash_4,Dataset\mono_audio\Other\0ff728b5_nohash_4.wav,Other
YARN - Shit - Violent Night - Video clips by quotes - 91f3f2a9 - 紗,Dataset\mono_audio\Shit\YARN - Shit - Violent Night - Video clips by quotes - 91f3f2a9 - 紗.wav,Shit
2e0d80f7_nohash_0,Dataset\mono_audio\Other\2e0d80f7_nohash_0.wav,Other
0f3f64d5_nohash_1,Dataset\mono_audio\Other\0f3f64d5_nohash_1.wav,Other
YARN - Shit - Violent Night - Video clips by quotes - 92da964c - 紗,Dataset\mono_audio\Shit\YARN - Shit - Violent Night - Video clips by quotes - 92da964c - 紗.wav,Shit
YARN - Fuck - The Offer (2022) - S01E06 A Stand Up Guy - Video clips by quotes - 7cac5971 - 紗,Dataset\mono_audio\Fuck\YARN - Fuck - The Offer (2022) - S01E06 A Stand Up Guy - Video clips by quotes - 7cac5971 - 紗.wav,Fuck
YARN - Fuck - Ozark (2017) - S04E02 Let the Great World Spin - Video clips by quotes - dbdddc21 - 紗,Dataset\mono_audio\Fuck\YARN - Fuck - Ozark (2017) - S04E02 Let the Great World Spin - Video clips by quotes - dbdddc21 - 紗.wav,Fuck
YARN - Fuck - Dead To Me (2019) - S03E01 We've Been Here Before - Video clips by quotes - a7d8ba95 - 紗,Dataset\mono_audio\Fuck\YARN - Fuck - Dead To Me (2019) - S03E01 We've Been Here Before - Video clips by quotes - a7d8ba95 - 紗.wav,Fuck
YARN - Fuck - Domino - Video clips by quotes - ce58851e - 紗,Dataset\mono_audio\Fuck\YARN - Fuck - Domino - Video clips by quotes - ce58851e - 紗.wav,Fuck
2aec99ec_nohash_0,Dataset\mono_audio\Other\2aec99ec_nohash_0.wav,Other
YARN - Fuck! - The Bodyguard (1992) - Video clips by quotes - 311c9c58 - 紗,Dataset\mono_audio\Fuck\YARN - Fuck! - The Bodyguard (1992) - Video clips by quotes - 311c9c58 - 紗.wav,Fuck
YARN - Fuck! - Ozark (2017) - S03E02 Civil Union - Video clips by quotes - ad18cf4e - 紗,Dataset\mono_audio\Fuck\YARN - Fuck! - Ozark (2017) - S03E02 Civil Union - Video clips by quotes - ad18cf4e - 紗.wav,Fuck
01bb6a2a_nohash_3,Dataset\mono_audio\Other\01bb6a2a_nohash_3.wav,Other
0cd323ec_nohash_1,Dataset\mono_audio\Other\0cd323ec_nohash_1.wav,Other
YARN - Fuck - Firefly Lane (2021) - S02E01 Wish You Were Here - Video clips by quotes - 3c63d631 - 紗,Dataset\mono_audio\Fuck\YARN - Fuck - Firefly Lane (2021) - S02E01 Wish You Were Here - Video clips by quotes - 3c63d631 - 紗.wav,Fuck
YARN - Shit! - Flight - Video clips by quotes - 24eb8cbd - 紗,Dataset\mono_audio\Shit\YARN - Shit! - Flight - Video clips by quotes - 24eb8cbd - 紗.wav,Shit
YARN - Fuck - I Care a Lot - Video clips by quotes - 1ae9038f - 紗,Dataset\mono_audio\Fuck\YARN - Fuck - I Care a Lot - Video clips by quotes - 1ae9038f - 紗.wav,Fuck
YARN - Fuck - Ozark (2017) - S04E10 You're the Boss - Video clips by quotes - fb62eb12 - 紗,Dataset\mono_audio\Fuck\YARN - Fuck - Ozark (2017) - S04E10 You're the Boss - Video clips by quotes - fb62eb12 - 紗.wav,Fuck
YARN - Fuck - Dude - Video clips by quotes - 52b85514 - 紗,Dataset\mono_audio\Fuck\YARN - Fuck - Dude - Video clips by quotes - 52b85514 - 紗.wav,Fuck
0d393936_nohash_1,Dataset\mono_audio\Other\0d393936_nohash_1.wav,Other
YARN - Shit - Like Father Like Son - Video clips by quotes - faf53ab1 - 紗,Dataset\mono_audio\Shit\YARN - Shit - Like Father Like Son - Video clips by quotes - faf53ab1 - 紗.wav,Shit
YARN - Shit! - The Happytime Murders - Video clips by quotes - 96497657 - 紗,Dataset\mono_audio\Shit\YARN - Shit! - The Happytime Murders - Video clips by quotes - 96497657 - 紗.wav,Shit
YARN - Shit - Ozark (2017) - S04E13 Mud - Video clips by quotes - 474c7d66 - 紗,Dataset\mono_audio\Shit\YARN - Shit - Ozark (2017) - S04E13 Mud - Video clips by quotes - 474c7d66 - 紗.wav,Shit
2ad772d6_nohash_0,Dataset\mono_audio\Other\2ad772d6_nohash_0.wav,Other
88f3719f_nohash_0,Dataset\mono_audio\Other\88f3719f_nohash_0.wav,Other
471a0925_nohash_2,Dataset\mono_audio\Other\471a0925_nohash_2.wav,Other
0ab3b47d_nohash_0,Dataset\mono_audio\Other\0ab3b47d_nohash_0.wav,Other
0b77ee66_nohash_1,Dataset\mono_audio\Other\0b77ee66_nohash_1.wav,Other
YARN - Shit - Inside Job (2021) - S01E08 Buzzkill - Video clips by quotes - 50ba1e09 - 紗,Dataset\mono_audio\Shit\YARN - Shit - Inside Job (2021) - S01E08 Buzzkill - Video clips by quotes - 50ba1e09 - 紗.wav,Shit
YARN - Fuck - Succession (2018) - S01E10 Nobody Is Ever Missing - Video clips by quotes - 04270283 - 紗,Dataset\mono_audio\Fuck\YARN - Fuck - Succession (2018) - S01E10 Nobody Is Ever Missing - Video clips by quotes - 04270283 - 紗.wav,Fuck
3ab9ba07_nohash_0,Dataset\mono_audio\Other\3ab9ba07_nohash_0.wav,Other
YARN - Shit - Ozark (2017) - S02E03 Once a Langmore - Video clips by quotes - 60157cc3 - 紗,Dataset\mono_audio\Shit\YARN - Shit - Ozark (2017) - S02E03 Once a Langmore - Video clips by quotes - 60157cc3 - 紗.wav,Shit
YARN - Shit - Fate- The Winx Saga (2021) - S01E04 Some Wrecked Angel - Video clips by quotes - ba2b2d38 - 紗,Dataset\mono_audio\Shit\YARN - Shit - Fate- The Winx Saga (2021) - S01E04 Some Wrecked Angel - Video clips by quotes - ba2b2d38 - 紗.wav,Shit
0c40e715_nohash_0,Dataset\mono_audio\Other\0c40e715_nohash_0.wav,Other
YARN - Shit! - Like Father Like Son - Video clips by quotes - 03177166 - 紗,Dataset\mono_audio\Shit\YARN - Shit! - Like Father Like Son - Video clips by quotes - 03177166 - 紗.wav,Shit
YARN - Fuck! - Halloween Kills - Video clips by quotes - 7bcafd9d - 紗,Dataset\mono_audio\Fuck\YARN - Fuck! - Halloween Kills - Video clips by quotes - 7bcafd9d - 紗.wav,Fuck
YARN - Fuck - Pam & Tommy (2022) - S01E01 Drilling and Pounding - Video clips by quotes - 2dbb70a2 - 紗,Dataset\mono_audio\Fuck\YARN - Fuck - Pam & Tommy (2022) - S01E01 Drilling and Pounding - Video clips by quotes - 2dbb70a2 - 紗.wav,Fuck
YARN - Fuck! - Ozark (2017) - S01E08 Kaleidoscope - Video clips by quotes - b394bf16 - 紗,Dataset\mono_audio\Fuck\YARN - Fuck! - Ozark (2017) - S01E08 Kaleidoscope - Video clips by quotes - b394bf16 - 紗.wav,Fuck
YARN - Fuck! - Ozark (2017) - S04E13 Mud - Video clips by quotes - 2990af8e - 紗,Dataset\mono_audio\Fuck\YARN - Fuck! - Ozark (2017) - S04E13 Mud - Video clips by quotes - 2990af8e - 紗.wav,Fuck
1c1060b1_nohash_1,Dataset\mono_audio\Other\1c1060b1_nohash_1.wav,Other
YARN - Fuck - Shrinking (2023) - S01E02 Fortress of Solitude - Video clips by quotes - 019cf0ec - 紗,Dataset\mono_audio\Fuck\YARN - Fuck - Shrinking (2023) - S01E02 Fortress of Solitude - Video clips by quotes - 019cf0ec - 紗.wav,Fuck
YARN - Shit - Shang-Chi and the Legend of the Ten Rings - Video clips by quotes - 58580209 - 紗,Dataset\mono_audio\Shit\YARN - Shit - Shang-Chi and the Legend of the Ten Rings - Video clips by quotes - 58580209 - 紗.wav,Shit
1ffd513b_nohash_0,Dataset\mono_audio\Other\1ffd513b_nohash_0.wav,Other
YARN - Shit - The Happytime Murders - Video clips by quotes - a5c24eba - 紗,Dataset\mono_audio\Shit\YARN - Shit - The Happytime Murders - Video clips by quotes - a5c24eba - 紗.wav,Shit
4fd4d073_nohash_0,Dataset\mono_audio\Other\4fd4d073_nohash_0.wav,Other
YARN - Shit - Dead To Me (2019) - S03E07 Can We Be Honest - Video clips by quotes - 7d4f13d0 - 紗,Dataset\mono_audio\Shit\YARN - Shit - Dead To Me (2019) - S03E07 Can We Be Honest - Video clips by quotes - 7d4f13d0 - 紗.wav,Shit
YARN - Shit - The Bodyguard (1992) - Video clips by quotes - 1f0249ca - 紗,Dataset\mono_audio\Shit\YARN - Shit - The Bodyguard (1992) - Video clips by quotes - 1f0249ca - 紗.wav,Shit
1d1fe0a0_nohash_0,Dataset\mono_audio\Other\1d1fe0a0_nohash_0.wav,Other
YARN - Shit - Succession (2018) - S01E08 Prague - Video clips by quotes - bef8d0c7 - 紗,Dataset\mono_audio\Shit\YARN - Shit - Succession (2018) - S01E08 Prague - Video clips by quotes - bef8d0c7 - 紗.wav,Shit
YARN - shit! - Euphoria (2019) - S01E01 Pilot - Video clips by quotes - 9a56969d - 紗,Dataset\mono_audio\Shit\YARN - shit! - Euphoria (2019) - S01E01 Pilot - Video clips by quotes - 9a56969d - 紗.wav,Shit
4d9e07cf_nohash_2,Dataset\mono_audio\Other\4d9e07cf_nohash_2.wav,Other
YARN - Fuck - Prisoners - Video clips by quotes - 20dde289 - 紗,Dataset\mono_audio\Fuck\YARN - Fuck - Prisoners - Video clips by quotes - 20dde289 - 紗.wav,Fuck
YARN - Fuck! - Jack Ryan (2017) - S02E03 Orinoco - Video clips by quotes - defa2fdb - 紗,Dataset\mono_audio\Fuck\YARN - Fuck! - Jack Ryan (2017) - S02E03 Orinoco - Video clips by quotes - defa2fdb - 紗.wav,Fuck
0b77ee66_nohash_0,Dataset\mono_audio\Other\0b77ee66_nohash_0.wav,Other
0ac15fe9_nohash_0,Dataset\mono_audio\Other\0ac15fe9_nohash_0.wav,Other
"Yarn - Fuck - Pam & Tommy (2022) - S01e02 I Love You, Tommy - Video Clips By Quotes - Ca1515fb - 紗","Dataset\mono_audio\Fuck\Yarn - Fuck - Pam & Tommy (2022) - S01e02 I Love You, Tommy - Video Clips By Quotes - Ca1515fb - 紗.wav",Fuck
377e916b_nohash_1,Dataset\mono_audio\Other\377e916b_nohash_1.wav,Other
YARN - Fuck - Memento - Video clips by quotes - 403a91ae - 紗,Dataset\mono_audio\Fuck\YARN - Fuck - Memento - Video clips by quotes - 403a91ae - 紗.wav,Fuck
YARN - Shit - Halloween Kills - Video clips by quotes - 57d6b9bc - 紗,Dataset\mono_audio\Shit\YARN - Shit - Halloween Kills - Video clips by quotes - 57d6b9bc - 紗.wav,Shit
YARN - Shit - Jack Ryan (2017) - S02E03 Orinoco - Video clips by quotes - 5b34a85c - 紗,Dataset\mono_audio\Shit\YARN - Shit - Jack Ryan (2017) - S02E03 Orinoco - Video clips by quotes - 5b34a85c - 紗.wav,Shit
YARN - Fuck! - Ozark (2017) - S04E08 The Cousin of Death - Video clips by quotes - 081ae4a4 - 紗,Dataset\mono_audio\Fuck\YARN - Fuck! - Ozark (2017) - S04E08 The Cousin of Death - Video clips by quotes - 081ae4a4 - 紗.wav,Fuck
YARN - Fuck! - Domino - Video clips by quotes - 8f495618 - 紗,Dataset\mono_audio\Fuck\YARN - Fuck! - Domino - Video clips by quotes - 8f495618 - 紗.wav,Fuck
YARN - Shit! - Zorro- The Gay Blade - Video clips by quotes - 4f4dc925 - 紗,Dataset\mono_audio\Shit\YARN - Shit! - Zorro- The Gay Blade - Video clips by quotes - 4f4dc925 - 紗.wav,Shit
YARN - Fuck! - The Recruit (2022) - S01E02 NLTSYP - Video clips by quotes - 8c060ec1 - 紗,Dataset\mono_audio\Fuck\YARN - Fuck! - The Recruit (2022) - S01E02 NLTSYP - Video clips by quotes - 8c060ec1 - 紗.wav,Fuck
YARN - Fuck - Prisoners - Video clips by quotes - e4184d93 - 紗,Dataset\mono_audio\Fuck\YARN - Fuck - Prisoners - Video clips by quotes - e4184d93 - 紗.wav,Fuck
1b4c9b89_nohash_4,Dataset\mono_audio\Other\1b4c9b89_nohash_4.wav,Other
YARN - Fuck - Ozark (2017) - S03E05 It Came from Michoacán - Video clips by quotes - 8f3758fc - 紗,Dataset\mono_audio\Fuck\YARN - Fuck - Ozark (2017) - S03E05 It Came from Michoacán - Video clips by quotes - 8f3758fc - 紗.wav,Fuck
YARN - Fuck! - 1899 (2022) - S01E05 The Calling - Video clips by quotes - 4230c516 - 紗,Dataset\mono_audio\Fuck\YARN - Fuck! - 1899 (2022) - S01E05 The Calling - Video clips by quotes - 4230c516 - 紗.wav,Fuck
YARN - shit - Runaways (2017) - S01E09 Doomsday - Video clips by quotes - c8b5f7ce - 紗,Dataset\mono_audio\Shit\YARN - shit - Runaways (2017) - S01E09 Doomsday - Video clips by quotes - c8b5f7ce - 紗.wav,Shit
YARN - Shit - Manny & Lo - Video clips by quotes - fe682ce3 - 紗,Dataset\mono_audio\Shit\YARN - Shit - Manny & Lo - Video clips by quotes - fe682ce3 - 紗.wav,Shit
1dce06e8_nohash_0,Dataset\mono_audio\Other\1dce06e8_nohash_0.wav,Other
YARN - Fuck! - Violent Night - Video clips by quotes - fc6718f2 - 紗,Dataset\mono_audio\Fuck\YARN - Fuck! - Violent Night - Video clips by quotes - fc6718f2 - 紗.wav,Fuck
0f3f64d5_nohash_2,Dataset\mono_audio\Other\0f3f64d5_nohash_2.wav,Other
YARN - Fuck! - Ozark (2017) - S03E01 Wartime - Video clips by quotes - f0410a39 - 紗,Dataset\mono_audio\Fuck\YARN - Fuck! - Ozark (2017) - S03E01 Wartime - Video clips by quotes - f0410a39 - 紗.wav,Fuck
YARN - Fuck - Warrior Nun (2020) - S02E05 Mark 10-45 - Video clips by quotes - 318ef583 - 紗,Dataset\mono_audio\Fuck\YARN - Fuck - Warrior Nun (2020) - S02E05 Mark 10-45 - Video clips by quotes - 318ef583 - 紗.wav,Fuck
YARN - Shit - Squid Game (2021) - S01E08 Front Man - Video clips by quotes - 83efebaa - 紗,Dataset\mono_audio\Shit\YARN - Shit - Squid Game (2021) - S01E08 Front Man - Video clips by quotes - 83efebaa - 紗.wav,Shit
YARN - Fuck - Pam & Tommy (2022) - S01E04 The Master Beta - Video clips by quotes - 910a0905 - 紗,Dataset\mono_audio\Fuck\YARN - Fuck - Pam & Tommy (2022) - S01E04 The Master Beta - Video clips by quotes - 910a0905 - 紗.wav,Fuck
YARN - Fuck! - Payback - Video clips by quotes - 27b9cb22 - 紗,Dataset\mono_audio\Fuck\YARN - Fuck! - Payback - Video clips by quotes - 27b9cb22 - 紗.wav,Fuck
YARN - Shit - SpaceCamp - Video clips by quotes - 5bfd99c9 - 紗,Dataset\mono_audio\Shit\YARN - Shit - SpaceCamp - Video clips by quotes - 5bfd99c9 - 紗.wav,Shit
YARN - Fuck - Ozark (2017) - S03E05 It Came from Michoacán - Video clips by quotes - 1f2f924c - 紗,Dataset\mono_audio\Fuck\YARN - Fuck - Ozark (2017) - S03E05 It Came from Michoacán - Video clips by quotes - 1f2f924c - 紗.wav,Fuck
377e916b_nohash_0,Dataset\mono_audio\Other\377e916b_nohash_0.wav,Other
YARN - Shit - The Sopranos (1999) - S03E12 Drama - Video clips by quotes - e0a68269 - 紗,Dataset\mono_audio\Shit\YARN - Shit - The Sopranos (1999) - S03E12 Drama - Video clips by quotes - e0a68269 - 紗.wav,Shit
YARN - Fuck! - I Care a Lot - Video clips by quotes - b786a3da - 紗,Dataset\mono_audio\Fuck\YARN - Fuck! - I Care a Lot - Video clips by quotes - b786a3da - 紗.wav,Fuck
3ab9ba07_nohash_1,Dataset\mono_audio\Other\3ab9ba07_nohash_1.wav,Other
YARN - Fuck! - Succession (2018) - S01E03 Lifeboats - Video clips by quotes - 8b0f8f33 - 紗,Dataset\mono_audio\Fuck\YARN - Fuck! - Succession (2018) - S01E03 Lifeboats - Video clips by quotes - 8b0f8f33 - 紗.wav,Fuck
1fe4c891_nohash_1,Dataset\mono_audio\Other\1fe4c891_nohash_1.wav,Other
YARN - Shit - Jack Ryan (2017) - S02E01 Cargo - Video clips by quotes - a524a395 - 紗,Dataset\mono_audio\Shit\YARN - Shit - Jack Ryan (2017) - S02E01 Cargo - Video clips by quotes - a524a395 - 紗.wav,Shit
1d919a90_nohash_2,Dataset\mono_audio\Other\1d919a90_nohash_2.wav,Other
YARN - Shit - Black Adam - Video clips by quotes - 3717a4dd - 紗,Dataset\mono_audio\Shit\YARN - Shit - Black Adam - Video clips by quotes - 3717a4dd - 紗.wav,Shit
YARN - Shit - Euphoria (2019) - S01E01 Pilot - Video clips by quotes - 23a32386 - 紗,Dataset\mono_audio\Shit\YARN - Shit - Euphoria (2019) - S01E01 Pilot - Video clips by quotes - 23a32386 - 紗.wav,Shit
